{"cameraMode":{"drawMode":0,"name":"Shaded","section":"Shading Mode"},"sceneLighting":true,"audioPlay":false,"sceneViewState":{"m_AlwaysRefresh":false,"showFog":true,"showSkybox":true,"showFlares":true,"showImageEffects":true,"showParticleSystems":true,"showVisualEffectGraphs":true,"m_FxEnabled":false},"in2DMode":false,"pivot":{"x":-0.02918906696140766,"y":0.20819291472434998,"z":0.29734015464782717},"rotation":{"x":-0.46203911304473879,"y":0.007181094493716955,"z":-0.0037414561957120897,"w":-0.8868230581283569},"size":0.6261536478996277,"orthographic":false}