{"cameraMode":{"drawMode":0,"name":"Shaded","section":"Shading Mode"},"sceneLighting":true,"audioPlay":false,"sceneViewState":{"m_AlwaysRefresh":false,"showFog":true,"showSkybox":true,"showFlares":true,"showImageEffects":true,"showParticleSystems":true,"showVisualEffectGraphs":true,"m_FxEnabled":false},"in2DMode":false,"pivot":{"x":681.2407836914063,"y":1289.786376953125,"z":1677.6602783203125},"rotation":{"x":-0.009264271706342698,"y":-0.9754946827888489,"z":0.21589678525924684,"w":-0.04186955839395523},"size":0.0024948506616055967,"orthographic":false}