{"cameraMode":{"drawMode":0,"name":"Shaded","section":"Shading Mode"},"sceneLighting":false,"audioPlay":false,"sceneViewState":{"m_AlwaysRefresh":false,"showFog":true,"showSkybox":false,"showFlares":true,"showImageEffects":true,"showParticleSystems":true,"showVisualEffectGraphs":true,"m_FxEnabled":false},"in2DMode":false,"pivot":{"x":-1.356332778930664,"y":0.14690956473350526,"z":-19.973295211791993},"rotation":{"x":0.00899843405932188,"y":0.9820333123207092,"z":-0.18237079679965974,"w":0.04921190068125725},"size":1.6729146242141724,"orthographic":false}